epoch,time,train/loss,metrics/accuracy_top1,metrics/accuracy_top5,val/loss,lr/pg0,lr/pg1,lr/pg2
1,4.1167,3.48196,0.03333,0.1,3.53055,8.82e-06,8.82e-06,8.82e-06
2,6.38517,3.47359,0.03333,0.13333,3.51454,1.65052e-05,1.65052e-05,1.65052e-05
3,6.7446,3.47199,0.03333,0.1,3.50636,1.95334e-05,1.95334e-05,1.95334e-05
4,7.06924,3.41897,0,0.1,3.50309,1.79046e-05,1.79046e-05,1.79046e-05
5,7.3722,3.48186,0,0.1,3.50189,1.16189e-05,1.16189e-05,1.16189e-05
